h1,shoe_kind,shoe_name,shoe_price,title
Stefan Janoski Skate Shoes,Skate Shoe,Nike SB Zoom Stefan Janoski Mid Premium,"€94,99",Stefan Janoski Skate Shoes. Nike NL
Stefan Janoski Skate Shoes,Skate Shoe,Nike SB Zoom Stefan Janoski RM,"€84,99",Stefan Janoski Skate Shoes. Nike NL
Stefan Janoski Skate Shoes,Skate Shoe,Nike SB Zoom Stefan Janoski FL RM,"€84,99",Stefan Janoski Skate Shoes. Nike NL
Stefan Janoski Skate Shoes,Skate Shoe,Nike SB Zoom Stefan Janoski RM Premium,"€89,99",Stefan Janoski Skate Shoes. Nike NL
Stefan Janoski Skate Shoes,Custom Skate Shoe,Nike SB Zoom Stefan Janoski RM By You,€105,Stefan Janoski Skate Shoes. Nike NL
Stefan Janoski Skate Shoes,Custom Skate Shoe,Nike SB Zoom Stefan Janoski RM By You,€105,Stefan Janoski Skate Shoes. Nike NL
Stefan Janoski Skate Shoes,Skate Shoe,Nike SB Zoom Stefan Janoski RM Premium,"€89,99",Stefan Janoski Skate Shoes. Nike NL
Stefan Janoski Skate Shoes,Skate Shoe,Nike SB Zoom Stefan Janoski Canvas RM Premium,"€84,99",Stefan Janoski Skate Shoes. Nike NL
Stefan Janoski Skate Shoes,Older Kids' Skateboarding Shoe,Nike SB Stefan Janoski Canvas Slip-on,"€49,99",Stefan Janoski Skate Shoes. Nike NL
Stefan Janoski Skate Shoes,Older Kids' Skate Shoe,Nike SB Stefan Janoski,"€59,99",Stefan Janoski Skate Shoes. Nike NL
Stefan Janoski Skate Shoes,Skate Shoe,Nike SB Zoom Stefan Janoski Canvas RM,"€52,97,€84,99",Stefan Janoski Skate Shoes. Nike NL
Stefan Janoski Skate Shoes,Skate Shoe,Nike SB Air Max Stefan Janoski 2,"€74,47,€119,99",Stefan Janoski Skate Shoes. Nike NL
